mysql> select * from product;
+----+------+-------+------+
| id | name | price | qty  |
+----+------+-------+------+
|  1 | soap |    90 |   75 |
+----+------+-------+------+
1 row in set (0.00 sec)

mysql> select * from product;
+----+------+-------+------+
| id | name | price | qty  |
+----+------+-------+------+
|  1 | soap |   260 |  150 |
+----+------+-------+------+
1 row in set (0.00 sec)